id,winner_model_a,winner_model_b,winner_tie
136060,0.19301013318806487,0.21576559266962936,0.5912242741423058
211333,0.37373326905877957,0.29742040577510065,0.32884632516611967
1233961,0.35571584763689673,0.37571493941854983,0.26856921294455344
